,0
Text Mining,http://dbpedia.org/resource/Text_mining
Recommender Systems,http://dbpedia.org/resource/Recommender_system
Sentiment Analysis,http://dbpedia.org/resource/Sentiment_analysis
Linked Open Data,http://dbpedia.org/resource/Linked_data
Reading,http://dbpedia.org/resource/Reading
Intelligent Systems,http://dbpedia.org/resource/Artificial_intelligence
COMP,http://dbpedia.org/resource/College_of_Osteopathic_Medicine_of_the_Pacific
Computer Science,http://dbpedia.org/resource/Computer_science
Software Engineering,http://dbpedia.org/resource/Software_engineering
Concordia University,http://dbpedia.org/resource/Main_Page
Personalization,http://dbpedia.org/resource/Personalization
Full-text search,http://dbpedia.org/resource/Full-text_search
Information Retrieval,http://dbpedia.org/resource/Information_retrieval
Lucene,http://dbpedia.org/resource/Apache_Lucene
Solr,http://dbpedia.org/resource/Apache_Solr
Steve Jobs,http://dbpedia.org/resource/Steve_Jobs
Information Extraction,http://dbpedia.org/resource/Information_extraction
Natural Language Processing (NLP),http://dbpedia.org/resource/Natural_language_processing
English,http://dbpedia.org/resource/English_language
French,http://dbpedia.org/resource/French_language
Knowledge Worker,http://dbpedia.org/resource/Knowledge_worker
UIMA,http://dbpedia.org/resource/UIMA
GATE,http://dbpedia.org/resource/General_Architecture_for_Text_Engineering
SaaS,http://dbpedia.org/resource/Cloud_computing
Amazon,http://dbpedia.org/resource/Amazon_rainforest
Refinitiv,http://dbpedia.org/resource/Refinitiv
Named Entity Recognition,http://dbpedia.org/resource/Named-entity_recognition
Machine Learning,http://dbpedia.org/resource/Machine_learning
open source,http://dbpedia.org/resource/Open-source_software
IBM,http://dbpedia.org/resource/IBM
Sheffield,http://dbpedia.org/resource/Sheffield
Explainable AI,http://dbpedia.org/resource/Explainable_artificial_intelligence
Leverage,http://dbpedia.org/resource/Leverage_(TV_series)
LOD,http://dbpedia.org/resource/Level_of_detail
Semantic Web,http://dbpedia.org/resource/Semantic_Web
RDF,http://dbpedia.org/resource/Resource_Description_Framework
schema,http://dbpedia.org/resource/XML_schema
Mona Lisa,http://dbpedia.org/resource/Mona_Lisa
DBpedia,http://dbpedia.org/resource/DBpedia
Entity Linking,http://dbpedia.org/resource/Entity_linking
W3C,http://dbpedia.org/resource/World_Wide_Web_Consortium
Layer Cake,http://dbpedia.org/resource/Layer_cake
machine-readable,http://dbpedia.org/resource/Machine-readable_data
metadata,http://dbpedia.org/resource/Metadata
formal language,http://dbpedia.org/resource/Formal_language
predicate,http://dbpedia.org/resource/SQL
SPARQL,http://dbpedia.org/resource/SPARQL
query language,http://dbpedia.org/resource/Query_language
Bahar,http://dbpedia.org/resource/Mohammad-Taqi_Bahar
Thing,http://dbpedia.org/resource/Frightful_Four
FOAF,http://dbpedia.org/resource/FOAF_(ontology)
Ontology,http://dbpedia.org/resource/Ontology
social network,http://dbpedia.org/resource/Social_network
Dublin Core,http://dbpedia.org/resource/Dublin_Core
Gene Ontology,http://dbpedia.org/resource/Gene_ontology
graph,http://dbpedia.org/resource/Graph_database
mature technology,http://dbpedia.org/resource/Mature_technology
SAAS,http://dbpedia.org/resource/Software_as_a_service
chatbots,http://dbpedia.org/resource/Chatbot
Goal-oriented,http://dbpedia.org/resource/Goal_orientation
Deep Learning,http://dbpedia.org/resource/Deep_learning
Turing Test,http://dbpedia.org/resource/Turing_test
psychotherapist,http://dbpedia.org/resource/Psychotherapy
Stanford,http://dbpedia.org/resource/Stanford_University
schizophrenic,http://dbpedia.org/resource/Schizophrenia
Apple Siri,http://dbpedia.org/resource/Siri
Google Assistant,http://dbpedia.org/resource/Google_Assistant
Amazon Alexa,http://dbpedia.org/resource/Amazon_Alexa
Microsoft Cortana,http://dbpedia.org/resource/Cortana
Microsoft Tay,http://dbpedia.org/resource/Tay_(bot)
Microsoft,http://dbpedia.org/resource/Microsoft
Weizenbaum,http://dbpedia.org/resource/Joseph_Weizenbaum
question-answering,http://dbpedia.org/resource/Question_answering
Jeopardy!,http://dbpedia.org/resource/Jeopardy!
POWER7,http://dbpedia.org/resource/POWER7
Gartner,http://dbpedia.org/resource/Gartner
CAGR,http://dbpedia.org/resource/Compound_annual_growth_rate
Perceptron,http://dbpedia.org/resource/Perceptron
Backpropagation,http://dbpedia.org/resource/Backpropagation
Keras,http://dbpedia.org/resource/Keras
TensorFlow,http://dbpedia.org/resource/TensorFlow
Word2vec,http://dbpedia.org/resource/Word2vec
Word Vectors,http://dbpedia.org/resource/Word_embedding
spaCy,http://dbpedia.org/resource/SpaCy
Fasttext,http://dbpedia.org/resource/FastText
Manning Publications,http://dbpedia.org/resource/Manning_Publications
Japan,http://dbpedia.org/resource/Japan
Sushi,http://dbpedia.org/resource/Sushi
Germany,http://dbpedia.org/resource/Nazi_Germany
neurons,http://dbpedia.org/resource/Artificial_neural_network
vector,http://dbpedia.org/resource/Array_data_structure
Dot product,http://dbpedia.org/resource/Dot_product
Activation function,http://dbpedia.org/resource/Activation_function
Neuron,http://dbpedia.org/resource/Neuron
supervised learning,http://dbpedia.org/resource/Supervised_learning
learning rate,http://dbpedia.org/resource/Learning_rate
epoch,http://dbpedia.org/resource/Unix_time
linearly separable,http://dbpedia.org/resource/Linear_separability
XOR,http://dbpedia.org/resource/Bitwise_operation
Papert,http://dbpedia.org/resource/Seymour_Papert
neuron,http://dbpedia.org/resource/Artificial_neuron
computational geometry,http://dbpedia.org/resource/Computational_geometry
MIT Press,http://dbpedia.org/resource/MIT_Press
sigmoid,http://dbpedia.org/resource/Sigmoid_function
cross-entropy,http://dbpedia.org/resource/Cross_entropy
gradient,http://dbpedia.org/resource/Gradient_descent
loss function,http://dbpedia.org/resource/Loss_function
algorithm,http://dbpedia.org/resource/Algorithm
Error Curve,http://dbpedia.org/resource/Gaussian_function
numpy,http://dbpedia.org/resource/NumPy
Pima,http://dbpedia.org/resource/Pima_people
diabetes,http://dbpedia.org/resource/Diabetes
insulin,http://dbpedia.org/resource/Insulin
Diastolic,http://dbpedia.org/resource/Diastole
blood pressure,http://dbpedia.org/resource/Blood_pressure
dog,http://dbpedia.org/resource/Dog
semantics,http://dbpedia.org/resource/Semantics
cosine,http://dbpedia.org/resource/Trigonometric_functions
physics,http://dbpedia.org/resource/Physics
Louis Pasteur,http://dbpedia.org/resource/Louis_Pasteur
3D,http://dbpedia.org/resource/Dimension
Thomas,http://dbpedia.org/resource/Clarence_Thomas
Google,http://dbpedia.org/resource/Google
corpora,http://dbpedia.org/resource/Text_corpus
Unsupervised learning,http://dbpedia.org/resource/Unsupervised_learning
autoencoder,http://dbpedia.org/resource/Autoencoder
soccer,http://dbpedia.org/resource/Association_football
cosine similarity,http://dbpedia.org/resource/Cosine_similarity
Google News,http://dbpedia.org/resource/Google_News
Facebook,http://dbpedia.org/resource/Facebook
Harry Potter,http://dbpedia.org/resource/Harry_Potter
LOTR,http://dbpedia.org/resource/The_Lord_of_the_Rings
skip-gram,http://dbpedia.org/resource/N-gram
Monet,http://dbpedia.org/resource/Claude_Monet
Softmax,http://dbpedia.org/resource/Softmax_function
probability distribution,http://dbpedia.org/resource/Probability_distribution
zk,http://dbpedia.org/resource/Kelvin
one-hot,http://dbpedia.org/resource/One-hot
Paris,http://dbpedia.org/resource/Paris
France,http://dbpedia.org/resource/France
Berlin,http://dbpedia.org/resource/Berlin
fish,http://dbpedia.org/resource/Skin
bass,http://dbpedia.org/resource/Bassline
sailboat,http://dbpedia.org/resource/Sailboat
sand,http://dbpedia.org/resource/Sand
yeti,http://dbpedia.org/resource/Yeti
snow,http://dbpedia.org/resource/Snow
homo economicus,http://dbpedia.org/resource/Homo_economicus
sliding window,http://dbpedia.org/resource/Sliding_window_protocol
Pros & Cons,http://dbpedia.org/resource/Pros_&_Cons
New York,http://dbpedia.org/resource/New_York_City
Elvis,http://dbpedia.org/resource/Elvis_Presley
idf,http://dbpedia.org/resource/Israel_Defense_Forces
tf-idf,http://dbpedia.org/resource/Tf–idf
banana,http://dbpedia.org/resource/Banana
gensim,http://dbpedia.org/resource/Gensim
PCA,http://dbpedia.org/resource/Principal_component_analysis
gender bias,http://dbpedia.org/resource/Bias
Zulu,http://dbpedia.org/resource/Zulu_language
Cole Howard,http://dbpedia.org/resource/Cole_Howard
Max,http://dbpedia.org/resource/Max_Cavalera
CNN,http://dbpedia.org/resource/Convolutional_neural_network
neural networks,http://dbpedia.org/resource/Neural_network
DL,http://dbpedia.org/resource/X86
CIFAR-10,http://dbpedia.org/resource/CIFAR-10
np,http://dbpedia.org/resource/Noun_phrase
Training data,"http://dbpedia.org/resource/Training,_validation,_and_test_sets"
Fourth dimension,http://dbpedia.org/resource/Four-dimensional_space
RGB,http://dbpedia.org/resource/RGB_color_model
normalized,http://dbpedia.org/resource/Weighted_arithmetic_mean
tensor,http://dbpedia.org/resource/Tensor
pixel,http://dbpedia.org/resource/Pixel
ReLU,http://dbpedia.org/resource/Rectifier_(neural_networks)
Adam,http://dbpedia.org/resource/Adam
shuffle,http://dbpedia.org/resource/Shuffling
automobile,http://dbpedia.org/resource/Car
bird,http://dbpedia.org/resource/Bird
deer,http://dbpedia.org/resource/Deer
frog,http://dbpedia.org/resource/Railroad_switch
horse,http://dbpedia.org/resource/Horse
fig,http://dbpedia.org/resource/Ficus
Convolution,http://dbpedia.org/resource/Convolution
kernel,http://dbpedia.org/resource/Kernel_method
Grayscale,http://dbpedia.org/resource/Grayscale
A 3,http://dbpedia.org/resource/Bundesautobahn_3
General,http://dbpedia.org/resource/General_officer
unit vector,http://dbpedia.org/resource/Unit_vector
Batch Normalization,http://dbpedia.org/resource/Batch_normalization
covariance,http://dbpedia.org/resource/Covariance
standard deviation,http://dbpedia.org/resource/Standard_deviation
gamma,http://dbpedia.org/resource/Gamma_correction
Covariate,http://dbpedia.org/resource/Dependent_and_independent_variables
Overfitting,http://dbpedia.org/resource/Overfitting
regularization,http://dbpedia.org/resource/Regularization_(mathematics)
Simple Way,http://dbpedia.org/resource/The_Simple_Way
data sample,http://dbpedia.org/resource/Sample_(statistics)
IMDB,http://dbpedia.org/resource/IMDb
Blackmailer,http://dbpedia.org/resource/Vincent_Clarkson
Arthur Conan Doyle,http://dbpedia.org/resource/Arthur_Conan_Doyle
Charles,http://dbpedia.org/resource/Charles_II_of_England
Augustus,http://dbpedia.org/resource/Augustus
Milverton,http://dbpedia.org/resource/Leamington_Spa
Holmes,http://dbpedia.org/resource/Sherlock_Holmes
Jeremy Brett,http://dbpedia.org/resource/Jeremy_Brett
inept,http://dbpedia.org/resource/Insensitive_nuclei_enhanced_by_polarization_transfer
Computational Linguistics,http://dbpedia.org/resource/Computational_linguistics
ACL,http://dbpedia.org/resource/Access-control_list
vanilla,http://dbpedia.org/resource/Vanilla
squash,http://dbpedia.org/resource/Cucurbita
puffy,http://dbpedia.org/resource/Puffy_AmiYumi
Chapter 7,http://dbpedia.org/resource/Chapter_VII_of_the_United_Nations_Charter
David Foster,http://dbpedia.org/resource/David_Foster
Knowledge Representation,http://dbpedia.org/resource/Knowledge_representation_and_reasoning
Serialization,http://dbpedia.org/resource/Serialization
Data Integration,http://dbpedia.org/resource/Data_integration
Sameer,http://dbpedia.org/resource/Sameer_(lyricist)
Herman,http://dbpedia.org/resource/Edward_S._Herman
knowledge graph,http://dbpedia.org/resource/Knowledge_Graph
E1,http://dbpedia.org/resource/E-carrier
A1,http://dbpedia.org/resource/Adenosine_A1_receptor
A2,http://dbpedia.org/resource/Bundesautobahn_2
E3,http://dbpedia.org/resource/Euclidean_space
Lennon,http://dbpedia.org/resource/John_Lennon
Discovery,http://dbpedia.org/resource/Discovery_Channel
API,http://dbpedia.org/resource/Application_programming_interface
Satori,http://dbpedia.org/resource/Satori
Hanover,http://dbpedia.org/resource/Hanover
GraphIQ,http://dbpedia.org/resource/Graphiq
Wikipedia,http://dbpedia.org/resource/Wikipedia
WWW,http://dbpedia.org/resource/World_Wide_Web
YouTube,http://dbpedia.org/resource/YouTube
KR,http://dbpedia.org/resource/South_Korea
ConceptNet,http://dbpedia.org/resource/Open_Mind_Common_Sense
McCulloch,http://dbpedia.org/resource/Warren_Sturgis_McCulloch
Winograd,http://dbpedia.org/resource/Terry_Winograd
SHRDLU,http://dbpedia.org/resource/SHRDLU
Rumelhart,http://dbpedia.org/resource/David_Rumelhart
Logic,http://dbpedia.org/resource/Logic
Cyc,http://dbpedia.org/resource/Cyc
reification,http://dbpedia.org/resource/Abstract_and_concrete
skolemization,http://dbpedia.org/resource/Skolem_normal_form
TBox,http://dbpedia.org/resource/Tbox
rdfs,http://dbpedia.org/resource/RDF_Schema
RDFa,http://dbpedia.org/resource/RDFa
JSON-LD,http://dbpedia.org/resource/JSON-LD
schema.org,http://dbpedia.org/resource/Schema.org
OWL,http://dbpedia.org/resource/Web_Ontology_Language
SKOS,http://dbpedia.org/resource/Simple_Knowledge_Organization_System
automation,http://dbpedia.org/resource/Automation
CLOUD,http://dbpedia.org/resource/CLOUD_experiment
MAX,http://dbpedia.org/resource/MAX_Light_Rail
Apple,http://dbpedia.org/resource/Apple_Inc.
Knowledge Navigator,http://dbpedia.org/resource/Knowledge_Navigator
Semantic Networks,http://dbpedia.org/resource/Semantic_network
Description Logic,http://dbpedia.org/resource/Description_logic
Bottleneck,http://dbpedia.org/resource/Free_State_Bottleneck
AI Winter,http://dbpedia.org/resource/AI_winter
Neo4J,http://dbpedia.org/resource/Neo4j
Oracle Spatial,http://dbpedia.org/resource/Oracle_Spatial_and_Graph
Facebook Graph Search,http://dbpedia.org/resource/Facebook_Graph_Search
open access,http://dbpedia.org/resource/Open_access
Wikidata,http://dbpedia.org/resource/Wikidata
YAGO,http://dbpedia.org/resource/YAGO_(database)
Alice,http://dbpedia.org/resource/Alice_and_Bob
Leonardo da Vinci,http://dbpedia.org/resource/Leonardo_da_Vinci
draft,http://dbpedia.org/resource/Conscription
current version,http://dbpedia.org/resource/Linux.conf.au
N3,http://dbpedia.org/resource/Notation3
IRI,http://dbpedia.org/resource/Internationalized_Resource_Identifier
string literal,http://dbpedia.org/resource/String_literal
datatype,http://dbpedia.org/resource/Data_type
Strings,http://dbpedia.org/resource/String_instrument
human-readable,http://dbpedia.org/resource/Human-readable_medium
strings,http://dbpedia.org/resource/String_theory
lio,http://dbpedia.org/resource/Lio
URI,http://dbpedia.org/resource/Uniform_Resource_Identifier
server,http://dbpedia.org/resource/Web_server
HTML,http://dbpedia.org/resource/HTML
suffix,http://dbpedia.org/resource/Substring
RDF/XML,http://dbpedia.org/resource/XML
N-Triples,http://dbpedia.org/resource/N-Triples
programming,http://dbpedia.org/resource/Programming_language
Java,http://dbpedia.org/resource/Java_virtual_machine
PHP,http://dbpedia.org/resource/PHP
ISBN,http://dbpedia.org/resource/International_Standard_Book_Number
The Glass Palace,http://dbpedia.org/resource/The_Glass_Palace
Harper Collins,http://dbpedia.org/resource/HarperCollins
London,http://dbpedia.org/resource/London
city,http://dbpedia.org/resource/City
Le Palais,http://dbpedia.org/resource/Le_Palais
A12,http://dbpedia.org/resource/Nissan_A_engine
A11,http://dbpedia.org/resource/Taylorcraft_Auster
miroirs,http://dbpedia.org/resource/Miroirs
auteur,http://dbpedia.org/resource/Auteur
le titre,http://dbpedia.org/resource/Le_Titre
Alone,http://dbpedia.org/resource/Poems_by_Edgar_Allan_Poe
WordNet,http://dbpedia.org/resource/WordNet
GeoNames,http://dbpedia.org/resource/GeoNames
KG,http://dbpedia.org/resource/Kindergarten
DeepDive,http://dbpedia.org/resource/Transformers
F1,http://dbpedia.org/resource/Fujita_scale
personalized medicine,http://dbpedia.org/resource/Personalized_medicine
Aristo,http://dbpedia.org/resource/TAG_Heuer
multiple choice,http://dbpedia.org/resource/Multiple_choice
food web,http://dbpedia.org/resource/Food_web
ecosystem,http://dbpedia.org/resource/Ecosystem
metamorphosis,http://dbpedia.org/resource/Metamorphosis
Common sense,http://dbpedia.org/resource/Common_sense
Julia,http://dbpedia.org/resource/Julia_the_Elder
Liverpool,http://dbpedia.org/resource/Liverpool
Alfred Lennon,http://dbpedia.org/resource/Alfred_Lennon
RN10,http://dbpedia.org/resource/Route_nationale_10
Stuart Russell,http://dbpedia.org/resource/Stuart_J._Russell
Peter Norvig,http://dbpedia.org/resource/Peter_Norvig
Prentice Hall,http://dbpedia.org/resource/Prentice_Hall
Liyang,http://dbpedia.org/resource/Liyang
Heidelberg,http://dbpedia.org/resource/Heidelberg
RDF Triple,http://dbpedia.org/resource/Semantic_triple
Json,http://dbpedia.org/resource/JSON
URL,http://dbpedia.org/resource/URL
syntax,http://dbpedia.org/resource/Syntax
Unicode,http://dbpedia.org/resource/Unicode
Flickr,http://dbpedia.org/resource/Flickr
ghostwriter,http://dbpedia.org/resource/Ghostwriter
Congress,http://dbpedia.org/resource/United_States_Congress
TBL,http://dbpedia.org/resource/Basketball_Super_League
TED,http://dbpedia.org/resource/MOS_Technology_TED
The Next Web,http://dbpedia.org/resource/The_Next_Web
Nexus,http://dbpedia.org/resource/Google_Nexus
The members,http://dbpedia.org/resource/The_Members
Pokémon,http://dbpedia.org/resource/Pokémon
transitive,http://dbpedia.org/resource/Transitive_relation
entailment,http://dbpedia.org/resource/Logical_consequence
vvv,http://dbpedia.org/resource/VVV-Venlo
class(es),http://dbpedia.org/resource/Travel_class
thesauri,http://dbpedia.org/resource/Thesaurus
Dewey Decimal Classification,http://dbpedia.org/resource/Dewey_Decimal_Classification
ACM,http://dbpedia.org/resource/Association_for_Computing_Machinery
Web 2.0,http://dbpedia.org/resource/Web_2.0
LOC,http://dbpedia.org/resource/Locative_case
ISO,http://dbpedia.org/resource/International_Organization_for_Standardization
Metafiction,http://dbpedia.org/resource/Metafiction
Semantic relations,http://dbpedia.org/resource/Ontology_components
bridge,http://dbpedia.org/resource/Contract_bridge
library,http://dbpedia.org/resource/Library
The Artist,http://dbpedia.org/resource/Prince_Iaukea
Oscars,http://dbpedia.org/resource/Academy_Awards
Christian,http://dbpedia.org/resource/Christianity
Morgan,http://dbpedia.org/resource/Morgan_Motor_Company
David Wood,http://dbpedia.org/resource/Straitjacket_Fits
Luke,http://dbpedia.org/resource/Gospel_of_Luke
Wordpress.com,http://dbpedia.org/resource/WordPress.com
historical fiction,http://dbpedia.org/resource/Historical_fiction
subclassing,http://dbpedia.org/resource/Inheritance_(object-oriented_programming)
Ontology language,http://dbpedia.org/resource/Ontology_language
logic-based,http://dbpedia.org/resource/Logic_programming
QL,http://dbpedia.org/resource/Sinclair_QL
negation,http://dbpedia.org/resource/Negation
Amsterdam,http://dbpedia.org/resource/Amsterdam
symmetric,http://dbpedia.org/resource/Symmetry
reflexive,http://dbpedia.org/resource/Reflexive_relation
compact,http://dbpedia.org/resource/Compact_space
mathematical notation,http://dbpedia.org/resource/Mathematical_notation
Poetry,http://dbpedia.org/resource/Poetry
National Cancer Institute,http://dbpedia.org/resource/National_Cancer_Institute
Open Biomedical Ontologies Foundry,http://dbpedia.org/resource/OBO_Foundry
gene,http://dbpedia.org/resource/Gene
protein,http://dbpedia.org/resource/Protein
UniProt,http://dbpedia.org/resource/UniProt
BioPAX,http://dbpedia.org/resource/BioPAX
biological pathway,http://dbpedia.org/resource/Biological_pathway
idiom,http://dbpedia.org/resource/Idiom
currency,http://dbpedia.org/resource/United_States_dollar
protocol,http://dbpedia.org/resource/Communication_protocol
O’Reilly Media,http://dbpedia.org/resource/O'Reilly_Media
AVG,http://dbpedia.org/resource/AVG_AntiVirus
Union,http://dbpedia.org/resource/United_States
integral,http://dbpedia.org/resource/Integer
Filter,http://dbpedia.org/resource/Optical_filter
regular expressions,http://dbpedia.org/resource/Regular_expression
Mexico,http://dbpedia.org/resource/Mexico
HTTP,http://dbpedia.org/resource/Hypertext_Transfer_Protocol
SOAP,http://dbpedia.org/resource/SOAP
User-Agent,http://dbpedia.org/resource/User_agent
frbr,http://dbpedia.org/resource/Functional_Requirements_for_Bibliographic_Records
XHTML,http://dbpedia.org/resource/XHTML
Triple store,http://dbpedia.org/resource/Triplestore
LP,http://dbpedia.org/resource/Phonograph_record
ec,http://dbpedia.org/resource/EC_(programming_language)
iq,http://dbpedia.org/resource/Intelligence_quotient
RQL,http://dbpedia.org/resource/Acceptable_quality_limit
TriG,http://dbpedia.org/resource/TriG_(syntax)
clause,http://dbpedia.org/resource/Clause
g4,http://dbpedia.org/resource/PowerPC_G4
query string,http://dbpedia.org/resource/Query_string
POST,http://dbpedia.org/resource/Power-on_self-test
Amazon AWS,http://dbpedia.org/resource/Amazon_Web_Services
Neptune,http://dbpedia.org/resource/Neptune
Apache,http://dbpedia.org/resource/Apache_HTTP_Server
Jena,http://dbpedia.org/resource/Jena
Fuseki,http://dbpedia.org/resource/Fuseki
inference,http://dbpedia.org/resource/Inference
Dieter Fensel,http://dbpedia.org/resource/Dieter_Fensel
James,http://dbpedia.org/resource/Epistle_of_James
Springer,http://dbpedia.org/resource/Springer_Publishing
Design Issues,http://dbpedia.org/resource/Design_Issues
Freebase,http://dbpedia.org/resource/Freebase
Open Graph Protocol,http://dbpedia.org/resource/Facebook_Platform
open data,http://dbpedia.org/resource/Open_data
silo,http://dbpedia.org/resource/Silo
CSV,http://dbpedia.org/resource/Comma-separated_values
5.15,http://dbpedia.org/resource/5:15
IG,http://dbpedia.org/resource/Inspector_general
Tim Berners-Lee,http://dbpedia.org/resource/Tim_Berners-Lee
Canada,http://dbpedia.org/resource/Canada
knowledge base,http://dbpedia.org/resource/Knowledge_base
public knowledge,http://dbpedia.org/resource/Public_Knowledge
Metaweb,http://dbpedia.org/resource/Metaweb
brain,http://dbpedia.org/resource/Neuroscience
BabelNet,http://dbpedia.org/resource/BabelNet
MusicBrainz,http://dbpedia.org/resource/MusicBrainz
Data Publishing,http://dbpedia.org/resource/Data_publishing
RDB,http://dbpedia.org/resource/Oracle_Rdb
database,http://dbpedia.org/resource/Database
requirements specification,http://dbpedia.org/resource/Software_requirements_specification
Q5,http://dbpedia.org/resource/Audi_Q5
OPE,http://dbpedia.org/resource/Ope
Predicate,http://dbpedia.org/resource/Predicate_(grammar)
Arity,http://dbpedia.org/resource/Arity
tem,http://dbpedia.org/resource/Transmission_electron_microscopy
spa,http://dbpedia.org/resource/Spa
PE,http://dbpedia.org/resource/Pareto_efficiency
SHACL,http://dbpedia.org/resource/SHACL
Knowledge Management,http://dbpedia.org/resource/Knowledge_management
Spotlight,http://dbpedia.org/resource/The_Boston_Globe
statistical model,http://dbpedia.org/resource/Statistical_model
microdata,http://dbpedia.org/resource/Microdata_(statistics)
GRDDL,http://dbpedia.org/resource/GRDDL
mathematician,http://dbpedia.org/resource/Mathematics
Eötvös Loránd University,http://dbpedia.org/resource/Eötvös_Loránd_University
Budapest,http://dbpedia.org/resource/Budapest
graph search,http://dbpedia.org/resource/Graph_traversal
privacy,http://dbpedia.org/resource/Privacy
Sebastian,http://dbpedia.org/resource/Saint_Sebastian
Hellmann,http://dbpedia.org/resource/Gustav_Hellmann
Milan,http://dbpedia.org/resource/Milan
Frey,http://dbpedia.org/resource/Freyr
Cham,http://dbpedia.org/resource/Cham_Albanians
Springer International Publishing,http://dbpedia.org/resource/Springer_Nature
Vector Space Model,http://dbpedia.org/resource/Vector_space_model
Christopher,http://dbpedia.org/resource/Christopher_Tolkien
Prabhakar Raghavan,http://dbpedia.org/resource/Prabhakar_Raghavan
Schütze,http://dbpedia.org/resource/Schütze
Cambridge University Press,http://dbpedia.org/resource/Cambridge_University_Press
Netflix,http://dbpedia.org/resource/Netflix
L2 norm,http://dbpedia.org/resource/Lp_space
unit sphere,http://dbpedia.org/resource/Unit_sphere
magnitude,http://dbpedia.org/resource/Apparent_magnitude
Euclidean distance,http://dbpedia.org/resource/Euclidean_distance
lengths,http://dbpedia.org/resource/Length
Rich,http://dbpedia.org/resource/Rich_Hardbeck
monotonically decreasing,http://dbpedia.org/resource/Monotonic_function
qi,http://dbpedia.org/resource/Qi
Collaborative tagging,http://dbpedia.org/resource/Folksonomy
e-commerce,http://dbpedia.org/resource/E-commerce
Last.fm,http://dbpedia.org/resource/Last.fm
point-to-point,http://dbpedia.org/resource/Network_topology
similarity matrix,http://dbpedia.org/resource/Similarity_measure
User Modeling,http://dbpedia.org/resource/User_modeling
Open knowledge,http://dbpedia.org/resource/Open_knowledge
GUMO,http://dbpedia.org/resource/Aksu_City
Netflix Prize,http://dbpedia.org/resource/Netflix_Prize
ground truth,http://dbpedia.org/resource/Ground_truth
The recall,http://dbpedia.org/resource/The_Recall
AP,http://dbpedia.org/resource/Associated_Press
F-measure,http://dbpedia.org/resource/Precision_and_recall
Non-binary,http://dbpedia.org/resource/Non-binary_gender
Likert-scale,http://dbpedia.org/resource/Likert_scale
discounted cumulative gain,http://dbpedia.org/resource/Discounted_cumulative_gain
log2,http://dbpedia.org/resource/Binary_logarithm
incidence,http://dbpedia.org/resource/Incidence_matrix
matrix,http://dbpedia.org/resource/Definiteness_of_a_matrix
Anthony Julius,http://dbpedia.org/resource/Anthony_Julius
Hamlet,http://dbpedia.org/resource/Hamlet
Othello,http://dbpedia.org/resource/Reversi
Macbeth,http://dbpedia.org/resource/Macbeth
Caesar,http://dbpedia.org/resource/Julius_Caesar
Tempest,http://dbpedia.org/resource/The_Tempest
Cleopatra,http://dbpedia.org/resource/Cleopatra
BRUTUS,http://dbpedia.org/resource/Brutus_the_Younger
CAESAR,http://dbpedia.org/resource/CAESAR_self-propelled_howitzer
CALPURNIA,http://dbpedia.org/resource/Calpurnia_(wife_of_Caesar)
binary,http://dbpedia.org/resource/Binary_number
Mary,http://dbpedia.org/resource/Mary_Shelley
tft,http://dbpedia.org/resource/Thin-film-transistor_liquid-crystal_display
Rare,http://dbpedia.org/resource/Rare_species
LINE,http://dbpedia.org/resource/Retrotransposon
dft,http://dbpedia.org/resource/Discrete_Fourier_transform
hyphen,http://dbpedia.org/resource/Hyphen
Boolean model,http://dbpedia.org/resource/Boolean_model_(probability_theory)
mathematical model,http://dbpedia.org/resource/Mathematical_model
coefficient,http://dbpedia.org/resource/Coefficient
Alag,http://dbpedia.org/resource/Alag
Collective Intelligence,http://dbpedia.org/resource/Collective_intelligence
Doug Turnbull,http://dbpedia.org/resource/Doug_Turnbull
John Berryman,http://dbpedia.org/resource/John_Berryman
kNN,http://dbpedia.org/resource/K-nearest_neighbors_algorithm
Arthur,http://dbpedia.org/resource/King_Arthur
computer program,http://dbpedia.org/resource/Computer_program
Socrates,http://dbpedia.org/resource/Socrates
2 John,http://dbpedia.org/resource/Second_Epistle_of_John
medicine,http://dbpedia.org/resource/Medication
regression,http://dbpedia.org/resource/Regression_analysis
Extrapolate,http://dbpedia.org/resource/Extrapolation
inductive bias,http://dbpedia.org/resource/Inductive_bias
moustache,http://dbpedia.org/resource/Moustache
feature space,http://dbpedia.org/resource/Feature_(machine_learning)
Naïve Bayes,http://dbpedia.org/resource/Naive_Bayes_classifier
Decision Trees,http://dbpedia.org/resource/Decision_tree_learning
if-then-else,http://dbpedia.org/resource/Conditional_(computer_programming)
parallel distributed processing,http://dbpedia.org/resource/Connectionism
Reinforcement Learning,http://dbpedia.org/resource/Reinforcement_learning
Enron,http://dbpedia.org/resource/Enron
Wikileaks,http://dbpedia.org/resource/WikiLeaks
Guantanamo Bay,http://dbpedia.org/resource/Guantanamo_Bay_detention_camp
CIA,http://dbpedia.org/resource/Central_Intelligence_Agency
Cambridge Analytica,http://dbpedia.org/resource/Cambridge_Analytica
Luanda,http://dbpedia.org/resource/Luanda
Paradise Papers,http://dbpedia.org/resource/Paradise_Papers
ham,http://dbpedia.org/resource/Amateur_radio
data analysis,http://dbpedia.org/resource/Data_analysis
convergence,http://dbpedia.org/resource/Limit_of_a_sequence
metric,http://dbpedia.org/resource/Metric_space
7.30,http://dbpedia.org/resource/7.30
Time complexity,http://dbpedia.org/resource/Time_complexity
Outliers,http://dbpedia.org/resource/Outlier
k-means,http://dbpedia.org/resource/K-means_clustering
NSF,http://dbpedia.org/resource/National_Science_Foundation
majority vote,http://dbpedia.org/resource/Majority
lazy learning,http://dbpedia.org/resource/Lazy_learning
Manhattan distance,http://dbpedia.org/resource/Taxicab_geometry
data set,http://dbpedia.org/resource/Data_set
British,http://dbpedia.org/resource/United_Kingdom
classifier,http://dbpedia.org/resource/Statistical_classification
Split,http://dbpedia.org/resource/Split_album
pruning,http://dbpedia.org/resource/Pruning
F-Measure,http://dbpedia.org/resource/F1_score
harmonic,http://dbpedia.org/resource/Harmonic
TP,http://dbpedia.org/resource/Tipi
False Positive,http://dbpedia.org/resource/False_Positive_(How_I_Met_Your_Mother)
FN,http://dbpedia.org/resource/Karyotype
confusion matrix,http://dbpedia.org/resource/Confusion_matrix
False positive,http://dbpedia.org/resource/Type_I_and_type_II_errors
guilty!,http://dbpedia.org/resource/Guilty!_(album)
Voltaire,http://dbpedia.org/resource/Voltaire
contingency table,http://dbpedia.org/resource/Contingency_table
Learning Curve,http://dbpedia.org/resource/RC2_Corporation
scikit-learn,http://dbpedia.org/resource/Scikit-learn
BSD License,http://dbpedia.org/resource/BSD_licenses
Complicated,http://dbpedia.org/resource/Complicated_(Avril_Lavigne_song)
overtraining,http://dbpedia.org/resource/Overtraining
Extreme,http://dbpedia.org/resource/Dimension_Films
rote learning,http://dbpedia.org/resource/Rote_learning
Chabacano,http://dbpedia.org/resource/Chavacano
Creative Commons,http://dbpedia.org/resource/Creative_Commons_license
decision boundary,http://dbpedia.org/resource/Decision_boundary
Alison,http://dbpedia.org/resource/Alison_DiLaurentis
Essence,http://dbpedia.org/resource/Essence
cross-validation,http://dbpedia.org/resource/Cross-validation_(statistics)
Guido,http://dbpedia.org/resource/Strong_Guy
Python,http://dbpedia.org/resource/Monty_Python
James Pustejovsky,http://dbpedia.org/resource/James_Pustejovsky
Stubbs,http://dbpedia.org/resource/William_Stubbs
Dialog,http://dbpedia.org/resource/ProQuest_Dialog
Pattern matching,http://dbpedia.org/resource/Pattern_matching
Text retrieval,http://dbpedia.org/resource/Document_retrieval
Google Search,http://dbpedia.org/resource/Google_Search
Smart,http://dbpedia.org/resource/Smart_device
Mitsuki,http://dbpedia.org/resource/Mitsuki_(Naruto)
Twitter,http://dbpedia.org/resource/Twitter
Facebook bots,http://dbpedia.org/resource/Facebook_Messenger
Customer service,http://dbpedia.org/resource/Customer_service
Community management,http://dbpedia.org/resource/Community_management
pipeline,http://dbpedia.org/resource/Instruction_pipelining
HBO,http://dbpedia.org/resource/HBO
Westworld,http://dbpedia.org/resource/Westworld
Sony,http://dbpedia.org/resource/Sony
Resident Evil,http://dbpedia.org/resource/Resident_Evil
Red Queen,http://dbpedia.org/resource/Red_Queen_hypothesis
Disney,http://dbpedia.org/resource/The_Walt_Disney_Company
Zootopia,http://dbpedia.org/resource/Zootopia
Unfriended,http://dbpedia.org/resource/Unfriended
Activision,http://dbpedia.org/resource/Activision
Use Case,http://dbpedia.org/resource/Use_case
Finite State Machine,http://dbpedia.org/resource/Finite-state_machine
DFA,http://dbpedia.org/resource/Deterministic_finite_automaton
Automata theory,http://dbpedia.org/resource/Automata_theory
Boolean,http://dbpedia.org/resource/Boolean_algebra
vertical bar,http://dbpedia.org/resource/Vertical_bar
Grouping,http://dbpedia.org/resource/Railways_Act_1921
quantifier,http://dbpedia.org/resource/First-order_logic
Artificial Intelligence Markup Language,http://dbpedia.org/resource/AIML
Open standard,http://dbpedia.org/resource/Open_standard
Richard Wallace,http://dbpedia.org/resource/Richard_Wallace_(director)
A.L.I.C.E.,http://dbpedia.org/resource/Artificial_Linguistic_Internet_Computer_Entity
YOH,http://dbpedia.org/resource/Young_Out_Here
ROSA,http://dbpedia.org/resource/ROSA
BOT,http://dbpedia.org/resource/Build–operate–transfer
SUP,http://dbpedia.org/resource/SUP_Media
postback,http://dbpedia.org/resource/Postback
Pandorabots,http://dbpedia.org/resource/Pandorabots
API.ai,http://dbpedia.org/resource/Dialogflow
Concordia,http://dbpedia.org/resource/Concordia_University
Montreal,http://dbpedia.org/resource/Montreal
Quebec,http://dbpedia.org/resource/Quebec
Loyola College,http://dbpedia.org/resource/Loyola_University_Maryland
Workflow,http://dbpedia.org/resource/Workflow
Dimensionality reduction,http://dbpedia.org/resource/Dimensionality_reduction
Tokenization,http://dbpedia.org/resource/Lexical_analysis
Trichoderma reesei,http://dbpedia.org/resource/Trichoderma_reesei
fMLP,http://dbpedia.org/resource/N-Formylmethionine-leucyl-phenylalanine
cyclohexanedione,http://dbpedia.org/resource/Cyclohexanedione
POS,http://dbpedia.org/resource/Part_of_speech
Parsing,http://dbpedia.org/resource/Parsing
Adjective,http://dbpedia.org/resource/Adjective
Adverb,http://dbpedia.org/resource/Adverb
NN,http://dbpedia.org/resource/Normalnull
NLTK,http://dbpedia.org/resource/Natural_Language_Toolkit
AC,http://dbpedia.org/resource/Alternating_current
Cimiano,http://dbpedia.org/resource/Cimiano
AK,http://dbpedia.org/resource/Alaska
Grant,http://dbpedia.org/resource/Ulysses_S._Grant
Ingersoll,http://dbpedia.org/resource/Robert_G._Ingersoll
Morton,http://dbpedia.org/resource/Greenock_Morton_F.C.
Chunking,http://dbpedia.org/resource/Chongqing
Scott,http://dbpedia.org/resource/Walter_Scott
Tumor Board,http://dbpedia.org/resource/Tumor_board_review
KB,http://dbpedia.org/resource/Kilobyte
deletion mutation,http://dbpedia.org/resource/Deletion_(genetics)
point mutation,http://dbpedia.org/resource/Point_mutation
gefitinib,http://dbpedia.org/resource/Gefitinib
mutation,http://dbpedia.org/resource/Immutable_object
PubMed,http://dbpedia.org/resource/PubMed
SMAD3,http://dbpedia.org/resource/Mothers_against_decapentaplegic_homolog_3
plain text,http://dbpedia.org/resource/Plain_text
PDF,http://dbpedia.org/resource/PDF
Coreference,http://dbpedia.org/resource/Coreference
UK,http://dbpedia.org/resource/British_English
LGPL,http://dbpedia.org/resource/GNU_Lesser_General_Public_License
OpenNLP,http://dbpedia.org/resource/Apache_OpenNLP
PyTorch,http://dbpedia.org/resource/PyTorch
Apache Software Foundation,http://dbpedia.org/resource/The_Apache_Software_Foundation
Brill tagger,http://dbpedia.org/resource/Brill_tagger
POS tags,http://dbpedia.org/resource/Brown_Corpus
grammar,http://dbpedia.org/resource/Grammar
JAPE,http://dbpedia.org/resource/Computational_humor
RB,http://dbpedia.org/resource/Retinoblastoma_protein
language model,http://dbpedia.org/resource/Language_model
verb,http://dbpedia.org/resource/Verb
EOS,http://dbpedia.org/resource/Canon_EOS
Morphological Analysis,http://dbpedia.org/resource/Morphological_analysis_(problem-solving)
morphological,http://dbpedia.org/resource/Shape
inflection,http://dbpedia.org/resource/Inflection
Lemmatization,http://dbpedia.org/resource/Lemmatisation
lemma,http://dbpedia.org/resource/Headword
Porter,http://dbpedia.org/resource/Cole_Porter
Snowball,http://dbpedia.org/resource/Simpson_family
lexicon,http://dbpedia.org/resource/Lexicon
black cat,http://dbpedia.org/resource/Black_cat
JJ,http://dbpedia.org/resource/Judge
VB,http://dbpedia.org/resource/Visual_Basic
Pronoun,http://dbpedia.org/resource/Pronoun
noun,http://dbpedia.org/resource/Noun
Determiner,http://dbpedia.org/resource/Determiner
Preposition,http://dbpedia.org/resource/Preposition_and_postposition
Penn,http://dbpedia.org/resource/University_of_Pennsylvania
Treebank,http://dbpedia.org/resource/Treebank
C7,http://dbpedia.org/resource/Cervical_vertebrae
Hidden Markov Models,http://dbpedia.org/resource/Part-of-speech_tagging
Support Vector Machines,http://dbpedia.org/resource/Support-vector_machine
Syntactic Structures,http://dbpedia.org/resource/Syntactic_Structures
parse tree,http://dbpedia.org/resource/Parse_tree
syntactic constituents,http://dbpedia.org/resource/Constituent_(linguistics)
chunking,http://dbpedia.org/resource/Shallow_parsing
MOD,http://dbpedia.org/resource/Modular_arithmetic
insurance,http://dbpedia.org/resource/Insurance
NEs,http://dbpedia.org/resource/Nintendo_Entertainment_System
PP,http://dbpedia.org/resource/Walther_PP
tomato sauce,http://dbpedia.org/resource/Ketchup
Bracketing,http://dbpedia.org/resource/Bracketing
cat food,http://dbpedia.org/resource/Cat_food
Denver,http://dbpedia.org/resource/Denver
bootstrapping,http://dbpedia.org/resource/Bootstrapping
feature engineering,http://dbpedia.org/resource/Feature_engineering
FSTs,http://dbpedia.org/resource/Scottish_Tartans_Society
Caribbean Series,http://dbpedia.org/resource/Caribbean_Series
fantasy,http://dbpedia.org/resource/Fantasy
Roman Catholic Church,http://dbpedia.org/resource/Catholic_Church
Eastern Orthodox,http://dbpedia.org/resource/Eastern_Orthodox_Church
ner,http://dbpedia.org/resource/Nucleotide_excision_repair
PUNCT,http://dbpedia.org/resource/Punct_(magazine)
glutathione S-transferase,http://dbpedia.org/resource/Glutathione_S-transferase
GST,http://dbpedia.org/resource/Value-added_tax
affinity chromatography,http://dbpedia.org/resource/Affinity_chromatography
wild type,http://dbpedia.org/resource/Wild_type
Orange,http://dbpedia.org/resource/Orange_S.A.
Enzyme,http://dbpedia.org/resource/Enzyme
Organism,http://dbpedia.org/resource/Organism
Physical quantity,http://dbpedia.org/resource/Physical_quantity
Escherichia coli,http://dbpedia.org/resource/Escherichia_coli
BRENDA,http://dbpedia.org/resource/BRENDA
BRaunschweig,http://dbpedia.org/resource/Braunschweig
genus,http://dbpedia.org/resource/Genus
Aspergillus,http://dbpedia.org/resource/Aspergillus
R&D,http://dbpedia.org/resource/Research_and_development
confidentiality,http://dbpedia.org/resource/Information_security
knowledge discovery,http://dbpedia.org/resource/Knowledge_extraction
Chapter 11,"http://dbpedia.org/resource/Chapter_11,_Title_11,_United_States_Code"
Daniel Jurafsky,http://dbpedia.org/resource/Daniel_Jurafsky
Martin,http://dbpedia.org/resource/Glenn_L._Martin_Company
McGill University,http://dbpedia.org/resource/McGill_University
HTTP 303,http://dbpedia.org/resource/HTTP_303
LinkedIn,http://dbpedia.org/resource/LinkedIn
The details,http://dbpedia.org/resource/The_Details
intelligent agent,http://dbpedia.org/resource/Intelligent_agent
pseudocode,http://dbpedia.org/resource/Pseudocode
Spoiler,http://dbpedia.org/resource/Stephanie_Brown_(character)
uname,http://dbpedia.org/resource/Uname
Yangtze,http://dbpedia.org/resource/Yangtze
Nile,http://dbpedia.org/resource/Nile
Meat Loaf,http://dbpedia.org/resource/Meat_Loaf
OpenCalais,http://dbpedia.org/resource/Calais_(Reuters_product)
Go,http://dbpedia.org/resource/Go_(game)
Paris Hilton,http://dbpedia.org/resource/Paris_Hilton
Hilton,http://dbpedia.org/resource/Hilton_Worldwide
META tags,http://dbpedia.org/resource/Meta_element
protip,http://dbpedia.org/resource/GamePro
imi,http://dbpedia.org/resource/IMI_Systems
X5,http://dbpedia.org/resource/BMW_X5
Target,http://dbpedia.org/resource/Target_Corporation
system 3,http://dbpedia.org/resource/Acorn_Eurocard_systems
question!,http://dbpedia.org/resource/Question!
Test,http://dbpedia.org/resource/Test_cricket
Q1a,http://dbpedia.org/resource/Haplogroup_Q-M242
Europe,http://dbpedia.org/resource/European_Union
sentence segmentation,http://dbpedia.org/resource/Sentence_boundary_disambiguation
Waterloo,http://dbpedia.org/resource/Battle_of_Waterloo
Stay tuned,http://dbpedia.org/resource/Stay_Tuned_(film)
AM,http://dbpedia.org/resource/Amplitude_modulation
TA,http://dbpedia.org/resource/Azimuth
Linux,http://dbpedia.org/resource/Linux
Windows,http://dbpedia.org/resource/Microsoft_Windows
GitHub,http://dbpedia.org/resource/GitHub
python,http://dbpedia.org/resource/Pythonidae
Corona,http://dbpedia.org/resource/Toyota_Corona
Internacional,http://dbpedia.org/resource/Sport_Club_Internacional
Rasa,http://dbpedia.org/resource/Saint_Jonas'_Festival
setuptools,http://dbpedia.org/resource/Setuptools
Chicago,http://dbpedia.org/resource/Chicago
Superman,http://dbpedia.org/resource/Superman
planet,http://dbpedia.org/resource/Earth
Krypton,http://dbpedia.org/resource/Krypton
American,http://dbpedia.org/resource/American_English
Smallville,http://dbpedia.org/resource/Smallville
Martha Kent,http://dbpedia.org/resource/Jonathan_and_Martha_Kent
vigilante,http://dbpedia.org/resource/Vigilantism
Metropolis,http://dbpedia.org/resource/Metropolis
Daily Planet,http://dbpedia.org/resource/Daily_Planet
Lois,http://dbpedia.org/resource/Lois_Lane
Jimmy Olsen,http://dbpedia.org/resource/Jimmy_Olsen
editor-in-chief,http://dbpedia.org/resource/Editing
Perry White,http://dbpedia.org/resource/Perry_White
Lex Luthor,http://dbpedia.org/resource/Lex_Luthor
Governor,http://dbpedia.org/resource/Governor
mobile phone,http://dbpedia.org/resource/Mobile_phone
decision tree,http://dbpedia.org/resource/Decision_tree
GPE,http://dbpedia.org/resource/GPE_Palmtop_Environment
Bill Gates,http://dbpedia.org/resource/Bill_Gates
clf,http://dbpedia.org/resource/Chlorine_monofluoride
Matplotlib,http://dbpedia.org/resource/Matplotlib
gre,http://dbpedia.org/resource/Graduate_Record_Examinations
WhatsApp,http://dbpedia.org/resource/WhatsApp
Slack,http://dbpedia.org/resource/Church_of_the_SubGenius
Discord,http://dbpedia.org/resource/Schism
virtual environment,http://dbpedia.org/resource/Virtual_machine
init,http://dbpedia.org/resource/Init
REST API,http://dbpedia.org/resource/Representational_state_transfer
webhook,http://dbpedia.org/resource/Webhook
basics,http://dbpedia.org/resource/British_Association_for_Immediate_Care
business intelligence,http://dbpedia.org/resource/Business_intelligence
media monitoring,http://dbpedia.org/resource/Media_monitoring_service
social media,http://dbpedia.org/resource/Social_media
medical record,http://dbpedia.org/resource/Medical_record
Sir George Williams,http://dbpedia.org/resource/Sir_George_Williams_University
Downtown Montreal,http://dbpedia.org/resource/Downtown_Montreal
Loyola,http://dbpedia.org/resource/Ignatius_of_Loyola
string matching,http://dbpedia.org/resource/String-searching_algorithm
computer,http://dbpedia.org/resource/Computer
Chrome,http://dbpedia.org/resource/Google_Chrome
file path,http://dbpedia.org/resource/Path_(computing)
adds,http://dbpedia.org/resource/Applied_Digital_Data_Systems
graph operations,http://dbpedia.org/resource/Graph_operations
subtraction,http://dbpedia.org/resource/Subtraction
This week,http://dbpedia.org/resource/This_Week_(American_TV_program)
Moodle,http://dbpedia.org/resource/Moodle
memory,http://dbpedia.org/resource/Memory
Alma,http://dbpedia.org/resource/Alma_Mahler
binary distribution,http://dbpedia.org/resource/Binary_distribution
executable,http://dbpedia.org/resource/Executable
xf,http://dbpedia.org/resource/Jaguar_XF
chmod,http://dbpedia.org/resource/Chmod
JDK,http://dbpedia.org/resource/Java_Development_Kit
application layer,http://dbpedia.org/resource/Application_layer
MacOS,http://dbpedia.org/resource/MacOS
NextProt,http://dbpedia.org/resource/NeXtProt
API key,http://dbpedia.org/resource/Application_programming_interface_key
wdt,http://dbpedia.org/resource/West_Digital_Television
P18,http://dbpedia.org/resource/Type_056_corvette
Pablo Picasso,http://dbpedia.org/resource/Pablo_Picasso
loc,http://dbpedia.org/resource/Source_lines_of_code
domain-specific,http://dbpedia.org/resource/Domain-specific_language
curl,http://dbpedia.org/resource/CURL
whitelist,http://dbpedia.org/resource/Whitelisting
Docker,http://dbpedia.org/resource/Stevedore
spruce,http://dbpedia.org/resource/Spruce
Vector Space,http://dbpedia.org/resource/Vector_space
MovieLens,http://dbpedia.org/resource/MovieLens
dataframes,http://dbpedia.org/resource/Apache_Spark
workable,http://dbpedia.org/resource/Workable_FC
Toy Story 2,http://dbpedia.org/resource/Toy_Story_2
Lego,http://dbpedia.org/resource/Lego
search engine,http://dbpedia.org/resource/Web_search_engine
feature extraction,http://dbpedia.org/resource/Feature_extraction
Usenet,http://dbpedia.org/resource/Usenet
newsgroup,http://dbpedia.org/resource/Usenet_newsgroup
PDS,http://dbpedia.org/resource/Processor_Direct_Slot
NuBus,http://dbpedia.org/resource/NuBus
alt.atheism,http://dbpedia.org/resource/Alt.atheism
Elasticsearch,http://dbpedia.org/resource/Elasticsearch
wine,http://dbpedia.org/resource/Wine
UTF-8,http://dbpedia.org/resource/UTF-8
Applied Artificial Intelligence,http://dbpedia.org/resource/Applied_Artificial_Intelligence
Amazon Lex,http://dbpedia.org/resource/Amazon_Lex
Skype,http://dbpedia.org/resource/Skype
vendor lock-in,http://dbpedia.org/resource/Vendor_lock-in
Q&A,http://dbpedia.org/resource/Interview
gzip,http://dbpedia.org/resource/Gzip
blender,http://dbpedia.org/resource/Blender
OEM,http://dbpedia.org/resource/Original_equipment_manufacturer
Whirlpool,http://dbpedia.org/resource/Whirlpool
Kitchen Aid,http://dbpedia.org/resource/KitchenAid
The approach,http://dbpedia.org/resource/The_Approach
NUM,http://dbpedia.org/resource/National_Union_of_Mineworkers_(Great_Britain)
Orinoco,http://dbpedia.org/resource/Orinoco
intelligence,http://dbpedia.org/resource/Intelligence
standard definition,http://dbpedia.org/resource/Standard-definition_television
Kurzweil,http://dbpedia.org/resource/Ray_Kurzweil
Strong AI,http://dbpedia.org/resource/Artificial_general_intelligence
Weak AI,http://dbpedia.org/resource/Weak_AI
science fiction,http://dbpedia.org/resource/Science_fiction
self-awareness,http://dbpedia.org/resource/Consciousness
arithmetic,http://dbpedia.org/resource/Arithmetic
reflex,http://dbpedia.org/resource/Reflex
reasoned action,http://dbpedia.org/resource/Theory_of_reasoned_action
Deep Blue,http://dbpedia.org/resource/List_of_minor_DC_Comics_characters
chess,http://dbpedia.org/resource/Chess
Kasparov,http://dbpedia.org/resource/Garry_Kasparov
plain,http://dbpedia.org/resource/John_Major
massively parallel,http://dbpedia.org/resource/Massively_parallel
supercomputer,http://dbpedia.org/resource/Supercomputer
Deep Fritz,http://dbpedia.org/resource/Fritz_(chess)
Kramnik,http://dbpedia.org/resource/Vladimir_Kramnik
Intel Core 2 Duo,http://dbpedia.org/resource/Intel_Core
Brad Rutter,http://dbpedia.org/resource/Brad_Rutter
Ken Jennings,http://dbpedia.org/resource/Ken_Jennings
AlphaGo,http://dbpedia.org/resource/AlphaGo
Alan Turing,http://dbpedia.org/resource/Alan_Turing
anthropomorphic,http://dbpedia.org/resource/Anthropomorphism
x-ray vision,http://dbpedia.org/resource/X-ray_vision
Mitchell Kapor,http://dbpedia.org/resource/Mitch_Kapor
Lotus Development,http://dbpedia.org/resource/Lotus_Software
drum roll,http://dbpedia.org/resource/Drum_roll
CAPTCHA,http://dbpedia.org/resource/CAPTCHA
heuristic,http://dbpedia.org/resource/Heuristic
probabilistic reasoning,http://dbpedia.org/resource/Probabilistic_logic
Natural language,http://dbpedia.org/resource/Natural_language
The Periodic Table,http://dbpedia.org/resource/Periodic_table
OCR,http://dbpedia.org/resource/Optical_character_recognition
Spell checker,http://dbpedia.org/resource/Spell_checker
Grammar checker,http://dbpedia.org/resource/Grammar_checker
Expert Systems,http://dbpedia.org/resource/Expert_system
Data Mining,http://dbpedia.org/resource/Data_mining
robot,http://dbpedia.org/resource/Robotics
ALPAC,http://dbpedia.org/resource/ALPAC
machine translation,http://dbpedia.org/resource/Machine_translation
toy-,http://dbpedia.org/resource/Toy_theater
psychologist,http://dbpedia.org/resource/Cognitive_psychology
RET,http://dbpedia.org/resource/RET_proto-oncogene
Bengio,http://dbpedia.org/resource/Yoshua_Bengio
Ng,http://dbpedia.org/resource/Andrew_Ng
Academic Press,http://dbpedia.org/resource/Academic_Press
Skype Translator,http://dbpedia.org/resource/Skype_Translator
Computer Vision,http://dbpedia.org/resource/Computer_vision
Google Translate,http://dbpedia.org/resource/Google_Translate
Object recognition,http://dbpedia.org/resource/Outline_of_object_recognition
Inception,http://dbpedia.org/resource/Inception
network architecture,http://dbpedia.org/resource/Network_architecture
labeled data,http://dbpedia.org/resource/Labeled_data
NaN,http://dbpedia.org/resource/NaN
error function,http://dbpedia.org/resource/Error_function
feature learning,http://dbpedia.org/resource/Feature_learning
edge detection,http://dbpedia.org/resource/Edge_detection
The features,http://dbpedia.org/resource/The_Features
human brain,http://dbpedia.org/resource/Human_brain
feature detectors,http://dbpedia.org/resource/Feature_detection_(computer_vision)
Edge,http://dbpedia.org/resource/Microsoft_Edge
phoneme,http://dbpedia.org/resource/Phoneme
Geoffrey,http://dbpedia.org/resource/Geoffrey_of_Monmouth
Hinton,http://dbpedia.org/resource/Geoffrey_Hinton
deep belief network,http://dbpedia.org/resource/Deep_belief_network
impose,http://dbpedia.org/resource/Impose_(magazine)
layer 2,http://dbpedia.org/resource/Data_link_layer
The weight,http://dbpedia.org/resource/The_Weight
circle,http://dbpedia.org/resource/Circle
Yann LeCun,http://dbpedia.org/resource/Yann_LeCun
AlexNet,http://dbpedia.org/resource/AlexNet
Ilya,http://dbpedia.org/resource/Ilya_Kabakov
Toronto,http://dbpedia.org/resource/Toronto
ImageNet,http://dbpedia.org/resource/ImageNet
GPU,http://dbpedia.org/resource/Graphics_processing_unit
linguistics,http://dbpedia.org/resource/Linguistics
image processing,http://dbpedia.org/resource/Digital_image_processing
speech recognition,http://dbpedia.org/resource/Speech_recognition
Vector Institute,http://dbpedia.org/resource/State_Research_Center_of_Virology_and_Biotechnology_VECTOR
Edmonton,http://dbpedia.org/resource/Edmonton
Sutton,http://dbpedia.org/resource/London_Borough_of_Sutton
expression,http://dbpedia.org/resource/Gene_expression
IL-10,http://dbpedia.org/resource/Interleukin_10
monocytes,http://dbpedia.org/resource/Monocyte
gp41,http://dbpedia.org/resource/Gp41
human immunodeficiency virus,http://dbpedia.org/resource/HIV
KITLG,http://dbpedia.org/resource/Stem_cell_factor
MAPK1,http://dbpedia.org/resource/MAPK1
GRB2,http://dbpedia.org/resource/GRB2
IL2,http://dbpedia.org/resource/Interleukin_2
MAPK3,http://dbpedia.org/resource/MAPK3
Mona,http://dbpedia.org/resource/Mona_Vanderwaal
Lisa,http://dbpedia.org/resource/Apple_Lisa
RW,http://dbpedia.org/resource/DVD_recordable
Syntax error,http://dbpedia.org/resource/Syntax_error
comma,http://dbpedia.org/resource/Comma
WALLACHIA,http://dbpedia.org/resource/Wallachia
MOST,http://dbpedia.org/resource/Ministry_of_Education_of_the_People's_Republic_of_China
Bram,http://dbpedia.org/resource/Bram_Ronnes
Dracula,http://dbpedia.org/resource/Dracula
Olga,http://dbpedia.org/resource/Grand_Duchess_Olga_Nikolaevna_of_Russia
Ontario,http://dbpedia.org/resource/Ontario
Spam,http://dbpedia.org/resource/Spamming
Agra,http://dbpedia.org/resource/Agra
sleep,http://dbpedia.org/resource/Sleep
ADV,http://dbpedia.org/resource/A.D._Vision
Einstein,http://dbpedia.org/resource/Albert_Einstein
UN,http://dbpedia.org/resource/Telephone
Princeton,http://dbpedia.org/resource/Princeton_University
chicken,http://dbpedia.org/resource/Chicken
San Francisco,http://dbpedia.org/resource/San_Francisco
13th Shanghai International Film Festival,http://dbpedia.org/resource/2010_Shanghai_International_Film_Festival
ibuprofen,http://dbpedia.org/resource/Ibuprofen
fever,http://dbpedia.org/resource/Malaria
Alcatraz,http://dbpedia.org/resource/Alcatraz_Island
Paraphrase,http://dbpedia.org/resource/Paraphrase
XYZ,http://dbpedia.org/resource/Cartesian_coordinate_system
ABC,http://dbpedia.org/resource/American_Broadcasting_Company
Dow Jones,http://dbpedia.org/resource/Dow_Jones_Industrial_Average
Mubarak,http://dbpedia.org/resource/Hosni_Mubarak
Word sense disambiguation,http://dbpedia.org/resource/Word-sense_disambiguation
mouse,http://dbpedia.org/resource/Computer_mouse
Citizen Kane,http://dbpedia.org/resource/Citizen_Kane
Castro Theatre,http://dbpedia.org/resource/Castro_Theatre
British Left,http://dbpedia.org/resource/British_Left
Falkland Islands,http://dbpedia.org/resource/Falkland_Islands
Bush,http://dbpedia.org/resource/George_W._Bush
Natural Language Generation,http://dbpedia.org/resource/Natural-language_generation
acoustic,http://dbpedia.org/resource/Acoustics
GOFAI,http://dbpedia.org/resource/Symbolic_artificial_intelligence
spam filter,http://dbpedia.org/resource/Email_filtering
base pair,http://dbpedia.org/resource/Base_pair
DNA sequence,http://dbpedia.org/resource/DNA_sequencing
helicopter,http://dbpedia.org/resource/Helicopter
magic,http://dbpedia.org/resource/Witchcraft
coffee,http://dbpedia.org/resource/Coffee
milk,http://dbpedia.org/resource/Milk
toffee,http://dbpedia.org/resource/Toffee
silk,http://dbpedia.org/resource/Silk
LM,http://dbpedia.org/resource/Apollo_Lunar_Module
probability,http://dbpedia.org/resource/Probability
Bayes rule,http://dbpedia.org/resource/Bayes_estimator
S2,http://dbpedia.org/resource/Heart_sounds
S3,http://dbpedia.org/resource/Amazon_S3
soup,http://dbpedia.org/resource/Soup
S4,http://dbpedia.org/resource/Kripke_semantics
Shannon,http://dbpedia.org/resource/Claude_Shannon
broccoli,http://dbpedia.org/resource/Broccoli
aardwolf,http://dbpedia.org/resource/Aardwolf
zoophyte,http://dbpedia.org/resource/Zoophyte
zucchini,http://dbpedia.org/resource/Zucchini
bi-,http://dbpedia.org/resource/Numeral_prefix
bigram,http://dbpedia.org/resource/Bigram
trigram,http://dbpedia.org/resource/Trigram
Data preparation,http://dbpedia.org/resource/Data_preparation
n1,http://dbpedia.org/resource/Group_N
1 time,http://dbpedia.org/resource/NWA_Florida_Tag_Team_Championship
British food,http://dbpedia.org/resource/British_cuisine
prob,http://dbpedia.org/resource/2._Basketball_Bundesliga
probability mass,http://dbpedia.org/resource/Probability_mass_function
Smoothing,http://dbpedia.org/resource/Smoothing
Chinese,http://dbpedia.org/resource/Chinese_language
conditional probabilities,http://dbpedia.org/resource/Conditional_probability
"
",http://dbpedia.org/resource/Joule
Even worse,http://dbpedia.org/resource/Even_Worse
word segmentation,http://dbpedia.org/resource/Text_segmentation
roast beef,http://dbpedia.org/resource/Roast_beef
source code,http://dbpedia.org/resource/Source_code
cross product,http://dbpedia.org/resource/Cross_product
VSM,http://dbpedia.org/resource/Vishisht_Seva_Medal
Inverse,http://dbpedia.org/resource/Multiplicative_inverse
Thought experiment,http://dbpedia.org/resource/Thought_experiment
Pride,http://dbpedia.org/resource/Pride
Wuthering Heights,http://dbpedia.org/resource/Wuthering_Heights
plagiarism,http://dbpedia.org/resource/Plagiarism
case law,http://dbpedia.org/resource/Case_law
layer 3,http://dbpedia.org/resource/Network_layer
Recurrent Neural Networks,http://dbpedia.org/resource/Recurrent_neural_network
vocab,http://dbpedia.org/resource/Vocab_(song)
ruby,http://dbpedia.org/resource/Ruby
apricot,http://dbpedia.org/resource/Apricot
furry,http://dbpedia.org/resource/Furry_fandom
ha,http://dbpedia.org/resource/Hectare
ili,http://dbpedia.org/resource/Yining
ance,"http://dbpedia.org/resource/Ance,_Pyrénées-Atlantiques"
feedforward,http://dbpedia.org/resource/Feedforward_neural_network
NMT,http://dbpedia.org/resource/Nordic_Mobile_Telephone
Tetris,http://dbpedia.org/resource/Tetris
puzzle,http://dbpedia.org/resource/Puzzle
Depth-limited Search,http://dbpedia.org/resource/Iterative_deepening_depth-first_search
Hill climbing,http://dbpedia.org/resource/Hill_climbing
3x3,http://dbpedia.org/resource/3x3_basketball
15-puzzle,http://dbpedia.org/resource/15_puzzle
Sam Loyd,http://dbpedia.org/resource/Sam_Loyd
Brute force search,http://dbpedia.org/resource/Brute-force_search
test function,http://dbpedia.org/resource/Distribution_(mathematics)
Search algorithm,http://dbpedia.org/resource/Search_algorithm
connected component,http://dbpedia.org/resource/Connected_space
Search tree,http://dbpedia.org/resource/Search_tree
Bidirectional search,http://dbpedia.org/resource/Bidirectional_search
open list,http://dbpedia.org/resource/Open_list
closed list,http://dbpedia.org/resource/Closed_list
DFS,http://dbpedia.org/resource/Depth-first_search
stack,http://dbpedia.org/resource/Call_stack
Breadth-First Search,http://dbpedia.org/resource/Breadth-first_search
shortest path,http://dbpedia.org/resource/Shortest_path_problem
branching factor,http://dbpedia.org/resource/Branching_factor
exponential space,http://dbpedia.org/resource/EXPSPACE
priority queue,http://dbpedia.org/resource/Priority_queue
big bang,http://dbpedia.org/resource/Big_Bang
heuristic function,http://dbpedia.org/resource/Heuristic_(computer_science)
Heureka,http://dbpedia.org/resource/Heureka_(science_center)
Focus,http://dbpedia.org/resource/Ford_Focus
evaluation function,http://dbpedia.org/resource/Evaluation_function
McGraw-Hill,http://dbpedia.org/resource/McGraw-Hill_Education
amnesia,http://dbpedia.org/resource/Amnesia
local minimum,http://dbpedia.org/resource/Maxima_and_minima
ter,http://dbpedia.org/resource/Regional_rail
infinite loop,http://dbpedia.org/resource/Infinite_loop
plateau,http://dbpedia.org/resource/Plateau
best-first search,http://dbpedia.org/resource/Best-first_search
Heuristic evaluation,http://dbpedia.org/resource/Heuristic_evaluation
Bad,http://dbpedia.org/resource/Spa_town
backtracking,http://dbpedia.org/resource/Backtracking
Hamming distance,http://dbpedia.org/resource/Hamming_distance
permutation,http://dbpedia.org/resource/Permutation
n8,http://dbpedia.org/resource/Rugby_union_positions
n7,http://dbpedia.org/resource/N_postcode_area
Intuition,http://dbpedia.org/resource/Intuition
A* algorithm,http://dbpedia.org/resource/A*_search_algorithm
tic-tac-toe,http://dbpedia.org/resource/Tic-tac-toe
Alpha-beta pruning,http://dbpedia.org/resource/Alpha–beta_pruning
Stochastic,http://dbpedia.org/resource/Stochastic
Perfect Information,http://dbpedia.org/resource/Perfect_information
Battleship,http://dbpedia.org/resource/Battleship
Stratego,http://dbpedia.org/resource/Stratego
dice,http://dbpedia.org/resource/Dice
Backgammon,http://dbpedia.org/resource/Backgammon
Monopoly,http://dbpedia.org/resource/Monopoly
Zero-Sum Game,http://dbpedia.org/resource/Zero-sum_game
cake,http://dbpedia.org/resource/Fair_cake-cutting
The Prisoner,http://dbpedia.org/resource/The_Prisoner
Stochastic games,http://dbpedia.org/resource/Stochastic_game
Nim,http://dbpedia.org/resource/Nim
complete game,http://dbpedia.org/resource/Complete_game
utility function,http://dbpedia.org/resource/Utility
Two-ply,http://dbpedia.org/resource/Two-ply
minimax,http://dbpedia.org/resource/Minimax
Pruning,http://dbpedia.org/resource/Branch_and_bound
upper bound,http://dbpedia.org/resource/Upper_and_lower_bounds
Min,http://dbpedia.org/resource/Min_Chinese
square root,http://dbpedia.org/resource/Square_root
game tree,http://dbpedia.org/resource/Game_tree
EXPECTIMINIMAX,http://dbpedia.org/resource/Expectiminimax
Tinsley,http://dbpedia.org/resource/Darnall
Chinook,http://dbpedia.org/resource/Boeing_CH-47_Chinook
Marion Tinsley,http://dbpedia.org/resource/Marion_Tinsley
Jonathan Schaeffer,http://dbpedia.org/resource/Jonathan_Schaeffer
Alberta,http://dbpedia.org/resource/University_of_Alberta
Murakami,http://dbpedia.org/resource/Haruki_Murakami
Logistello,http://dbpedia.org/resource/Logistello
RISC,http://dbpedia.org/resource/Reduced_instruction_set_computer
VLSI,http://dbpedia.org/resource/Very_Large_Scale_Integration
Deep Junior,http://dbpedia.org/resource/Junior_(chess)
CPU,http://dbpedia.org/resource/Central_processing_unit
GB,http://dbpedia.org/resource/Gigabyte
Lee Se-dol,http://dbpedia.org/resource/Lee_Sedol
Go!,http://dbpedia.org/resource/9Go!
five-game match,http://dbpedia.org/resource/AlphaGo_versus_Lee_Sedol
Ke Jie,http://dbpedia.org/resource/Ke_Jie
Monte Carlo tree search,http://dbpedia.org/resource/Monte_Carlo_tree_search
AlphaGo Zero,http://dbpedia.org/resource/AlphaGo_Zero
AlphaZero,http://dbpedia.org/resource/AlphaZero
Stockfish,http://dbpedia.org/resource/Stockfish
Bayes Classifier,http://dbpedia.org/resource/Bayes_classifier
quintillion,http://dbpedia.org/resource/Names_of_large_numbers
trail,http://dbpedia.org/resource/Glossary_of_graph_theory_terms
Linear Regression,http://dbpedia.org/resource/Linear_regression
Q-learning,http://dbpedia.org/resource/Q-learning
measles,http://dbpedia.org/resource/Measles
Chain Rule,http://dbpedia.org/resource/Chain_rule
A3,http://dbpedia.org/resource/Audi_A3
A4,http://dbpedia.org/resource/ISO_216
Joint probability distribution,http://dbpedia.org/resource/Joint_probability_distribution
Toothache,http://dbpedia.org/resource/Toothache
coin,http://dbpedia.org/resource/Coin
Side Effect,http://dbpedia.org/resource/Powerslam
meningitis,http://dbpedia.org/resource/Meningitis
H1,http://dbpedia.org/resource/Histamine_H1_receptor
H2,http://dbpedia.org/resource/Hydrogen
H3,http://dbpedia.org/resource/Hyperbolic_3-manifold
Bayesian,http://dbpedia.org/resource/Bayesian_probability
H ii,http://dbpedia.org/resource/H_II_region
The evidence,http://dbpedia.org/resource/The_Evidence_(TV_series)
Nice,http://dbpedia.org/resource/Nice
Outlook,http://dbpedia.org/resource/Microsoft_Outlook
Day6,http://dbpedia.org/resource/Day6
conditionally independent,http://dbpedia.org/resource/Conditional_independence
prior probabilities,http://dbpedia.org/resource/Prior_probability
Hum,http://dbpedia.org/resource/Humming
bitmap,http://dbpedia.org/resource/Bit_array
probabilistic classifier,http://dbpedia.org/resource/Probabilistic_classification
Bayes' theorem,http://dbpedia.org/resource/Bayes'_theorem
spam filtering,http://dbpedia.org/resource/Anti-spam_techniques
N sets,http://dbpedia.org/resource/VicRail_N_type_carriage
Strictly speaking,http://dbpedia.org/resource/Strictly_Speaking
viagra,http://dbpedia.org/resource/Sildenafil
"meds""",http://dbpedia.org/resource/Hospital
Ham,http://dbpedia.org/resource/Ham
Be Careful,http://dbpedia.org/resource/Be_Careful_(Cardi_B_song)
dumbo,http://dbpedia.org/resource/Dumbo
referee,http://dbpedia.org/resource/Referee
pasta,http://dbpedia.org/resource/Pasta
MNIST,http://dbpedia.org/resource/MNIST_database
Bureau,http://dbpedia.org/resource/Federal_Bureau_of_Investigation
ambulance,http://dbpedia.org/resource/Ambulance
X2,http://dbpedia.org/resource/Modem
X4,http://dbpedia.org/resource/CXCR4
X6,http://dbpedia.org/resource/BMW_X6
X500,http://dbpedia.org/resource/X500_(film)
C3,http://dbpedia.org/resource/C3_carbon_fixation
C4,http://dbpedia.org/resource/Command_and_control
Russell,http://dbpedia.org/resource/Bertrand_Russell
Pattern Recognition,http://dbpedia.org/resource/Pattern_recognition
Handwriting recognition,http://dbpedia.org/resource/Handwriting_recognition
credit card fraud,http://dbpedia.org/resource/Credit_card_fraud
sea bass,http://dbpedia.org/resource/Striped_bass
salmon,http://dbpedia.org/resource/Salmon
big eyes,http://dbpedia.org/resource/Big_Eyes
ID3,http://dbpedia.org/resource/ID3_algorithm
C4.5,http://dbpedia.org/resource/C4.5_algorithm
Gail,http://dbpedia.org/resource/Gail_McIntyre
Simon,http://dbpedia.org/resource/Herbert_A._Simon
The Restaurant,http://dbpedia.org/resource/The_Restaurant_(Irish_TV_series)
Italian,http://dbpedia.org/resource/Italian_language
Thai,http://dbpedia.org/resource/Thai_language
Ockham,http://dbpedia.org/resource/William_of_Ockham
Tom Mitchell,http://dbpedia.org/resource/Tom_M._Mitchell
F3,http://dbpedia.org/resource/Fluorine
F5,http://dbpedia.org/resource/Finite_field
class F4,http://dbpedia.org/resource/GER_Class_M15
class F7,http://dbpedia.org/resource/Milwaukee_Road_class_F7
Essential Information,http://dbpedia.org/resource/Ralph_Nader
entropy,http://dbpedia.org/resource/Entropy
RV,http://dbpedia.org/resource/Rigveda
fair coin,http://dbpedia.org/resource/Fair_coin
discrete random variable,http://dbpedia.org/resource/Random_variable
Red Circle,http://dbpedia.org/resource/Dark_Circle_Comics
Red Square,http://dbpedia.org/resource/Red_Square
Blue Circle,http://dbpedia.org/resource/Blue_Circle_Industries
0H,http://dbpedia.org/resource/0H
HM,http://dbpedia.org/resource/Government_of_the_United_Kingdom
Pb,http://dbpedia.org/resource/Lead
Mitchell,http://dbpedia.org/resource/Mitchell_family
data acquisition,http://dbpedia.org/resource/Data_acquisition
disjoint sets,http://dbpedia.org/resource/Disjoint_sets
John Snow,http://dbpedia.org/resource/John_Snow
physician,http://dbpedia.org/resource/Physiology
cholera,http://dbpedia.org/resource/Cholera
Nina,http://dbpedia.org/resource/Al_Hirschfeld
HP Labs,http://dbpedia.org/resource/Hewlett-Packard
partition,http://dbpedia.org/resource/Partition_of_a_set
biology,http://dbpedia.org/resource/Biology
synapses,http://dbpedia.org/resource/Synapse
neurotransmitters,http://dbpedia.org/resource/Neurotransmitter
hyperplane,http://dbpedia.org/resource/Hyperplane
transfer function,http://dbpedia.org/resource/Transfer_function
false positive,http://dbpedia.org/resource/False_positives_and_false_negatives
delta rule,http://dbpedia.org/resource/Delta_rule
learning rule,http://dbpedia.org/resource/Learning_rule
Delta,http://dbpedia.org/resource/Delta_State
sign function,http://dbpedia.org/resource/Sign_function
truth table,http://dbpedia.org/resource/Logical_disjunction
differentiable function,http://dbpedia.org/resource/Differentiable_function
differentiable,http://dbpedia.org/resource/Derivative
error term,http://dbpedia.org/resource/Errors_and_residuals
Feed-forward,http://dbpedia.org/resource/Feed_forward_(control)
hidden node,http://dbpedia.org/resource/Hidden_node_problem
Partial derivative,http://dbpedia.org/resource/Partial_derivative
O3,http://dbpedia.org/resource/Oxygen
W13,http://dbpedia.org/resource/List_of_bus_routes_in_London
W23,http://dbpedia.org/resource/W19_(nuclear_artillery_shell)
SGD,http://dbpedia.org/resource/Singapore_dollar
Handwritten,http://dbpedia.org/resource/Handwriting
Speech synthesis,http://dbpedia.org/resource/Speech_synthesis
rule-based system,http://dbpedia.org/resource/Rule-based_system
black box,http://dbpedia.org/resource/Black_box
BA,http://dbpedia.org/resource/Bachelor_of_Arts
x21,http://dbpedia.org/resource/X21_(band)
credit card,http://dbpedia.org/resource/Credit_card
email spam,http://dbpedia.org/resource/Email_spam
binary classification,http://dbpedia.org/resource/Binary_classification
The remaining,http://dbpedia.org/resource/The_Remaining
Your Decision,http://dbpedia.org/resource/Your_Decision
impossible event,http://dbpedia.org/resource/Almost_surely
Roulette,http://dbpedia.org/resource/Roulette
calculator,http://dbpedia.org/resource/Calculator
Centroid,http://dbpedia.org/resource/Centroid
Tk,http://dbpedia.org/resource/Bangladeshi_taka
hyperparameters,http://dbpedia.org/resource/Hyperparameter
MYCIN,http://dbpedia.org/resource/Mycin
Cornell,http://dbpedia.org/resource/Cornell_University
Frank Rosenblatt,http://dbpedia.org/resource/Frank_Rosenblatt
Turing Award,http://dbpedia.org/resource/Turing_Award
Marvin Minsky,http://dbpedia.org/resource/Marvin_Minsky
symbolic computation,http://dbpedia.org/resource/Computer_algebra
Lighthill,http://dbpedia.org/resource/James_Lighthill
LISP,http://dbpedia.org/resource/Lisp_(programming_language)
classical,http://dbpedia.org/resource/Classical_mechanics
object-oriented programming,http://dbpedia.org/resource/Object-oriented_programming
antibiotics,http://dbpedia.org/resource/Antibiotic
Lisp,http://dbpedia.org/resource/Common_Lisp
Cortes,http://dbpedia.org/resource/Cortes_Generales
Vladimir Vapnik,http://dbpedia.org/resource/Vladimir_Vapnik
Alain Colmerauer,http://dbpedia.org/resource/Alain_Colmerauer
Prolog,http://dbpedia.org/resource/Prolog
beer,http://dbpedia.org/resource/Beer
Ian Goodfellow,http://dbpedia.org/resource/Ian_Goodfellow
Generative Adversarial Networks,http://dbpedia.org/resource/Generative_adversarial_network
rule-based machine translation,http://dbpedia.org/resource/Rule-based_machine_translation
treal,http://dbpedia.org/resource/Tréal
Environment Canada,http://dbpedia.org/resource/Environment_and_Climate_Change_Canada
OpenAI,http://dbpedia.org/resource/OpenAI
GPT,http://dbpedia.org/resource/GEC_Plessey_Telecommunications
context-free grammar,http://dbpedia.org/resource/Context-free_grammar
candle,http://dbpedia.org/resource/Candle
bright red,http://dbpedia.org/resource/Bright_Red
overcoat,http://dbpedia.org/resource/Overcoat
warm.,http://dbpedia.org/resource/Eugenius_Warming
Earth,http://dbpedia.org/resource/DC_Universe
mad scientist,http://dbpedia.org/resource/Mad_scientist
torch,http://dbpedia.org/resource/Flashlight
Shakespeare,http://dbpedia.org/resource/William_Shakespeare
Sonnet 2,http://dbpedia.org/resource/Sonnet_2
thy,http://dbpedia.org/resource/Thy_(district)
weed,http://dbpedia.org/resource/Weed
tuple,http://dbpedia.org/resource/Tuple
The variable,http://dbpedia.org/resource/The_Variable
lookup table,http://dbpedia.org/resource/Lookup_table
linear transformation,http://dbpedia.org/resource/Linear_map
tgt,http://dbpedia.org/resource/TGT_(group)
tennis,http://dbpedia.org/resource/Tennis
le cercle rouge,http://dbpedia.org/resource/Le_Cercle_Rouge
le chat,http://dbpedia.org/resource/Le_Chat
le garçon,http://dbpedia.org/resource/Le_Garçon_(EP)
red cat,http://dbpedia.org/resource/Perth_Central_Area_Transit
YAML,http://dbpedia.org/resource/YAML
configuration file,http://dbpedia.org/resource/Configuration_file
LSTM,http://dbpedia.org/resource/Long_short-term_memory
Argus,http://dbpedia.org/resource/Argus_Panoptes
user interface,http://dbpedia.org/resource/Graphical_user_interface
DeepL,http://dbpedia.org/resource/DeepL_Translator
fox,http://dbpedia.org/resource/Fox
G1,http://dbpedia.org/resource/Graded_stakes_race
G2,http://dbpedia.org/resource/LG_G2
Frisbee,http://dbpedia.org/resource/Frisbee
lake,http://dbpedia.org/resource/Lake
ice,http://dbpedia.org/resource/Ice
imperative,http://dbpedia.org/resource/Imperative_programming
mirror,http://dbpedia.org/resource/Mirror
B-4,http://dbpedia.org/resource/Keystone_B-4
mushroom,http://dbpedia.org/resource/Mushroom
Klinga,"http://dbpedia.org/resource/Klinga,_Norway"
Jack,http://dbpedia.org/resource/Jack_Harkness
kami,http://dbpedia.org/resource/Kami
Koko,http://dbpedia.org/resource/Koko_Stambuk
base 10,http://dbpedia.org/resource/Decimal
golf,http://dbpedia.org/resource/Golf
Graphviz,http://dbpedia.org/resource/Graphviz
Iris,http://dbpedia.org/resource/Iris_subg._Iris
flower,http://dbpedia.org/resource/Flower
Danielle,http://dbpedia.org/resource/List_of_The_Bold_and_the_Beautiful_secondary_characters
Forillon National Park,http://dbpedia.org/resource/Forillon_National_Park
species,http://dbpedia.org/resource/Species
Black,http://dbpedia.org/resource/Black
ing,http://dbpedia.org/resource/ING_Group
Pay attention,http://dbpedia.org/resource/Pay_Attention
macro,http://dbpedia.org/resource/Macroscopic_scale
The advantage,http://dbpedia.org/resource/The_Advantage
multi-layer perceptron,http://dbpedia.org/resource/Multilayer_perceptron
iterator,http://dbpedia.org/resource/Iterator
DEVICE,http://dbpedia.org/resource/CONFIG.SYS
cation,http://dbpedia.org/resource/Ion
file extension,http://dbpedia.org/resource/Filename_extension
4See,http://dbpedia.org/resource/91.9_Sea_FM
DBP,http://dbpedia.org/resource/Dibutyl_phthalate
